"lucide_import","kind","scope","file"
"AlertTriangle","runtime","components","packages/ui/src/components/alert.tsx"
"AlignCenter","runtime","docs","apps/docs/src/pages/toggle-group/index.tsx"
"AlignLeft","runtime","docs","apps/docs/src/pages/toggle-group/index.tsx"
"AlignRight","runtime","docs","apps/docs/src/pages/toggle-group/index.tsx"
"ArrowDown","runtime","components","packages/ui/src/components/data-table/data-table-column-header.tsx"
"ArrowDownIcon","runtime","components","packages/ui/src/components/message-scroller.tsx"
"ArrowDownWideNarrow","runtime","components","packages/ui/src/components/filters.tsx"
"ArrowUp","runtime","components","packages/ui/src/components/data-table/data-table-column-header.tsx"
"ArrowUpIcon","runtime","docs","apps/docs/src/pages/message-scroller/demos/anchoring-demo.tsx"
"ArrowUpIcon","runtime","docs","apps/docs/src/pages/message-scroller/demos/animation-demo.tsx"
"ArrowUpIcon","runtime","docs","apps/docs/src/pages/message-scroller/demos/context-demo.tsx"
"ArrowUpIcon","runtime","docs","apps/docs/src/pages/message-scroller/demos/streaming-demo.tsx"
"Bell","runtime","docs","apps/docs/src/pages/badge/index.tsx"
"Bold","runtime","docs","apps/docs/src/pages/toggle-group/index.tsx"
"Bold","runtime","docs","apps/docs/src/pages/toggle/index.tsx"
"Bookmark","runtime","docs","apps/docs/src/pages/toggle/index.tsx"
"Bookmark","runtime","components","packages/ui/src/components/reply-box/reply-box-actions.ts"
"BookmarkPlusIcon","runtime","docs","apps/docs/src/pages/tooltip/index.tsx"
"BookOpen","runtime","docs","apps/docs/src/pages/sidebar/index.tsx"
"BookOpenCheck","runtime","docs","apps/docs/src/pages/marker/index.tsx"
"Box","runtime","docs","apps/docs/src/pages/sidebar/index.tsx"
"Calculator","runtime","docs","apps/docs/src/pages/command/index.tsx"
"Calendar","runtime","docs","apps/docs/src/pages/command/index.tsx"
"CalendarIcon","runtime","components","packages/ui/src/components/date-picker.tsx"
"CalendarPlus","runtime","components","packages/ui/src/components/activity-feed.tsx"
"Check","runtime","docs","apps/docs/src/components/layout/docs-do-dont.tsx"
"Check","runtime","docs","apps/docs/src/pages/input-group/index.tsx"
"Check","runtime","components","packages/ui/src/components/attachment.tsx"
"Check","runtime","components","packages/ui/src/components/chat-bubble.tsx"
"Check","runtime","components","packages/ui/src/components/chat-head.tsx"
"Check","runtime","components","packages/ui/src/components/code.tsx"
"Check","runtime","components","packages/ui/src/components/filters.tsx"
"Check","runtime","components","packages/ui/src/components/inline-edit.tsx"
"Check","runtime","components","packages/ui/src/components/message.tsx"
"CheckCheck","runtime","components","packages/ui/src/components/app-sidebar.tsx"
"CheckCheck","runtime","components","packages/ui/src/components/chat-bubble.tsx"
"CheckCheck","runtime","components","packages/ui/src/components/message.tsx"
"CheckCircle","runtime","components","packages/ui/src/components/alert.tsx"
"CheckIcon","runtime","components","packages/ui/src/components/checkbox.tsx"
"CheckIcon","runtime","components","packages/ui/src/components/combobox.tsx"
"CheckIcon","runtime","components","packages/ui/src/components/command.tsx"
"CheckIcon","runtime","components","packages/ui/src/components/context-menu.tsx"
"CheckIcon","runtime","components","packages/ui/src/components/dropdown-menu.tsx"
"CheckIcon","runtime","components","packages/ui/src/components/select.tsx"
"CheckIcon","runtime","components","packages/ui/src/components/telephone-field.tsx"
"ChevronDown","runtime","docs","apps/docs/src/pages/button-group/index.tsx"
"ChevronDown","runtime","components","packages/ui/src/components/table.tsx"
"ChevronDownIcon","runtime","docs","apps/docs/src/pages/bubble/index.tsx"
"ChevronDownIcon","runtime","components","packages/ui/src/components/button.tsx"
"ChevronDownIcon","runtime","components","packages/ui/src/components/calendar.tsx"
"ChevronDownIcon","runtime","components","packages/ui/src/components/combobox.tsx"
"ChevronDownIcon","runtime","components","packages/ui/src/components/native-select.tsx"
"ChevronDownIcon","runtime","components","packages/ui/src/components/select.tsx"
"ChevronLeftIcon","runtime","components","packages/ui/src/components/activity-feed.tsx"
"ChevronLeftIcon","runtime","components","packages/ui/src/components/calendar.tsx"
"ChevronLeftIcon","runtime","components","packages/ui/src/components/data-table/data-table-pagination.tsx"
"ChevronLeftIcon","runtime","components","packages/ui/src/components/pagination.tsx"
"ChevronRight","runtime","docs","apps/docs/src/pages/badge/index.tsx"
"ChevronRight","runtime","components","packages/ui/src/components/file-tree.tsx"
"ChevronRight","runtime","components","packages/ui/src/components/sidebar.tsx"
"ChevronRightIcon","runtime","components","packages/ui/src/components/activity-feed.tsx"
"ChevronRightIcon","runtime","components","packages/ui/src/components/breadcrumb.tsx"
"ChevronRightIcon","runtime","components","packages/ui/src/components/calendar.tsx"
"ChevronRightIcon","runtime","components","packages/ui/src/components/context-menu.tsx"
"ChevronRightIcon","runtime","components","packages/ui/src/components/data-table/data-table-pagination.tsx"
"ChevronRightIcon","runtime","components","packages/ui/src/components/dropdown-menu.tsx"
"ChevronRightIcon","runtime","components","packages/ui/src/components/pagination.tsx"
"ChevronsUpDown","runtime","components","packages/ui/src/components/data-table/data-table-column-header.tsx"
"ChevronsUpDown","runtime","components","packages/ui/src/components/telephone-field.tsx"
"ChevronUpIcon","runtime","components","packages/ui/src/components/select.tsx"
"Circle","runtime","components","packages/ui/src/components/app-header.tsx"
"CircleAlert","runtime","components","packages/ui/src/components/chat-bubble.tsx"
"CircleAlert","runtime","components","packages/ui/src/components/field.tsx"
"CircleAlert","runtime","components","packages/ui/src/components/message.tsx"
"CircleCheckBig","runtime","components","packages/ui/src/components/toast.tsx"
"CircleHelp","runtime","components","packages/ui/src/components/card.tsx"
"CircleHelp","runtime","components","packages/ui/src/components/data-table/data-table-column-header.tsx"
"CircleHelp","runtime","components","packages/ui/src/components/metric-card.tsx"
"CircleMinus","runtime","components","packages/ui/src/components/metric-card.tsx"
"CirclePlus","runtime","components","packages/ui/src/components/reply-box/reply-box-content.tsx"
"CirclePlus","runtime","components","packages/ui/src/components/reply-box/reply-box-footer.tsx"
"ClosedCaption","runtime","components","packages/ui/src/components/reply-box/reply-box-actions.ts"
"CloudDownload","runtime","components","packages/ui/src/components/reply-box/reply-box-actions.ts"
"CloudUpload","runtime","components","packages/ui/src/components/attachment.tsx"
"CloudUpload","runtime","components","packages/ui/src/components/drop-zone.tsx"
"Cog","runtime","components","packages/ui/src/components/data-table/data-table-select-actions.tsx"
"Columns3Cog","runtime","components","packages/ui/src/components/data-table/data-table-column-toggle.tsx"
"Copy","runtime","docs","apps/docs/src/pages/input-group/index.tsx"
"Copy","runtime","docs","apps/docs/src/pages/input/index.tsx"
"Copy","runtime","components","packages/ui/src/components/chat-bubble.tsx"
"Copy","runtime","components","packages/ui/src/components/code.tsx"
"Copy","runtime","components","packages/ui/src/components/message.tsx"
"CreditCard","runtime","docs","apps/docs/src/pages/command/index.tsx"
"CreditCard","runtime","docs","apps/docs/src/pages/input-group/index.tsx"
"CreditCardIcon","runtime","docs","apps/docs/src/pages/dropdown-menu/index.tsx"
"Ellipsis","runtime","components","packages/ui/src/components/reply-box/reply-box-button-tray.tsx"
"Eye","runtime","components","packages/ui/src/components/sensitive-field.tsx"
"EyeOff","runtime","components","packages/ui/src/components/sensitive-field.tsx"
"FileCode","runtime","docs","apps/docs/src/pages/input-group/index.tsx"
"FileText","runtime","components","packages/ui/src/components/file-tree.tsx"
"FileWarning","runtime","components","packages/ui/src/components/attachment.tsx"
"Folder","runtime","components","packages/ui/src/components/file-tree.tsx"
"FolderIcon","runtime","docs","apps/docs/src/pages/context-menu/index.tsx"
"FolderOpen","runtime","components","packages/ui/src/components/file-tree.tsx"
"Forward","runtime","components","packages/ui/src/components/reply-box/reply-box-actions.ts"
"Funnel","runtime","docs","apps/docs/src/pages/filters/index.tsx"
"Funnel","runtime","components","packages/ui/src/components/filters.tsx"
"GitBranch","runtime","docs","apps/docs/src/pages/marker/index.tsx"
"Globe2Icon","runtime","components","packages/ui/src/components/telephone-field.tsx"
"GripVertical","runtime","components","packages/ui/src/components/sortable-list.tsx"
"Headset","runtime","docs","apps/docs/src/pages/structure/app-sidebar/demo.tsx"
"Headset","runtime","components","packages/ui/src/components/app-header.tsx"
"Home","runtime","docs","apps/docs/src/components/layout/app-shell.tsx"
"Home","runtime","docs","apps/docs/src/pages/breadcrumb/index.tsx"
"Home","runtime","docs","apps/docs/src/pages/sidebar/index.tsx"
"Home","runtime","components","packages/ui/src/components/header.tsx"
"House","runtime","docs","apps/docs/src/pages/structure/app-sidebar/demo.tsx"
"Image","runtime","components","packages/ui/src/components/reply-box/reply-box-actions.ts"
"ImageUp","runtime","docs","apps/docs/src/pages/attachment/index.tsx"
"Inbox","runtime","docs","apps/docs/src/pages/structure/app-sidebar/demo.tsx"
"InboxIcon","runtime","docs","apps/docs/src/pages/context-menu/index.tsx"
"InboxIcon","runtime","docs","apps/docs/src/pages/empty/index.tsx"
"Info","runtime","components","packages/ui/src/components/alert.tsx"
"Info","runtime","components","packages/ui/src/components/chat-bubble.tsx"
"Info","runtime","components","packages/ui/src/components/message.tsx"
"Info","runtime","components","packages/ui/src/components/toast.tsx"
"Italic","runtime","docs","apps/docs/src/pages/toggle-group/index.tsx"
"Layers","runtime","docs","apps/docs/src/pages/sidebar/index.tsx"
"LifeBuoy","runtime","docs","apps/docs/src/pages/sidebar/index.tsx"
"LifeBuoyIcon","runtime","docs","apps/docs/src/pages/context-menu/index.tsx"
"ListFilterPlus","runtime","components","packages/ui/src/components/filters.tsx"
"ListTodo","runtime","components","packages/ui/src/components/activity-feed.tsx"
"Loader2","runtime","components","packages/ui/src/components/toast.tsx"
"LoaderIcon","runtime","components","packages/ui/src/components/button.tsx"
"LockOpen","runtime","components","packages/ui/src/components/chat-head.tsx"
"LucideIcon","type","components","packages/ui/src/components/activity-feed.tsx"
"LucideIcon","type","components","packages/ui/src/components/filters.tsx"
"LucideIcon","type","components","packages/ui/src/components/reply-box/reply-box-actions.ts"
"LucideIcon","type","components","packages/ui/src/components/reply-box/reply-box-context.tsx"
"LucideIcon","type","components","packages/ui/src/components/reply-box/reply-box.tsx"
"LucideProps","type","components","packages/ui/src/components/reply-box/reply-box-actions.ts"
"Mail","runtime","docs","apps/docs/src/pages/input-group/index.tsx"
"MailCheck","runtime","components","packages/ui/src/components/activity-feed.tsx"
"MailPlus","runtime","components","packages/ui/src/components/activity-feed.tsx"
"Maximize2","runtime","components","packages/ui/src/components/reply-box/reply-box-header.tsx"
"MessageCircleDashedIcon","runtime","docs","apps/docs/src/pages/message-scroller/demos/anchoring-demo.tsx"
"MessageCircleDashedIcon","runtime","docs","apps/docs/src/pages/message-scroller/demos/animation-demo.tsx"
"MessageCircleDashedIcon","runtime","docs","apps/docs/src/pages/message-scroller/demos/streaming-demo.tsx"
"MessageSquare","runtime","components","packages/ui/src/components/reply-box/reply-box-button-tray.tsx"
"MessageSquareCheck","runtime","components","packages/ui/src/components/activity-feed.tsx"
"MessageSquareText","runtime","components","packages/ui/src/components/activity-feed.tsx"
"MessageSquareText","runtime","components","packages/ui/src/components/app-header.tsx"
"Minimize2","runtime","components","packages/ui/src/components/reply-box/reply-box-header.tsx"
"Minus","runtime","docs","apps/docs/src/pages/button-group/index.tsx"
"Minus","runtime","components","packages/ui/src/components/checkbox.tsx"
"Minus","runtime","components","packages/ui/src/components/number-field.tsx"
"MinusIcon","runtime","components","packages/ui/src/components/input-otp.tsx"
"MonitorCog","runtime","components","packages/ui/src/components/activity-feed.tsx"
"Moon","runtime","docs","apps/docs/src/components/layout/app-shell.tsx"
"MoreHorizontal","runtime","docs","apps/docs/src/pages/input-group/index.tsx"
"MoreHorizontal","runtime","docs","apps/docs/src/pages/sortable-list/index.tsx"
"MoreHorizontal","runtime","components","packages/ui/src/components/app-sidebar.tsx"
"MoreHorizontal","runtime","components","packages/ui/src/components/data-table/data-table-row-actions.tsx"
"MoreHorizontal","runtime","components","packages/ui/src/components/metric-card.tsx"
"MoreHorizontal","runtime","components","packages/ui/src/components/sidebar.tsx"
"MoreHorizontalIcon","runtime","components","packages/ui/src/components/breadcrumb.tsx"
"MoreHorizontalIcon","runtime","components","packages/ui/src/components/pagination.tsx"
"MoreHorizontalIcon","runtime","components","packages/ui/src/components/tabs.tsx"
"OctagonX","runtime","components","packages/ui/src/components/toast.tsx"
"Package","runtime","docs","apps/docs/src/pages/sidebar/index.tsx"
"PanelLeftClose","runtime","components","packages/ui/src/components/sidebar.tsx"
"PanelLeftOpen","runtime","components","packages/ui/src/components/sidebar.tsx"
"Paperclip","runtime","components","packages/ui/src/components/reply-box/reply-box-actions.ts"
"PencilIcon","runtime","docs","apps/docs/src/pages/context-menu/index.tsx"
"PencilIcon","runtime","docs","apps/docs/src/pages/dropdown-menu/index.tsx"
"PenSquare","runtime","components","packages/ui/src/components/inline-edit.tsx"
"PhoneForwarded","runtime","components","packages/ui/src/components/activity-feed.tsx"
"Plus","runtime","docs","apps/docs/src/pages/button-group/index.tsx"
"Plus","runtime","components","packages/ui/src/components/number-field.tsx"
"RefreshCw","runtime","docs","apps/docs/src/pages/button/index.tsx"
"RefreshCw","runtime","components","packages/ui/src/components/attachment.tsx"
"Reply","runtime","docs","apps/docs/src/pages/message/index.tsx"
"Reply","runtime","components","packages/ui/src/components/reply-box/reply-box-actions.ts"
"ReplyIcon","runtime","docs","apps/docs/src/pages/bubble/index.tsx"
"RotateCcw","runtime","docs","apps/docs/src/pages/marker/index.tsx"
"RotateCwIcon","runtime","docs","apps/docs/src/pages/message-scroller/demos/anchoring-demo.tsx"
"RotateCwIcon","runtime","docs","apps/docs/src/pages/message-scroller/demos/animation-demo.tsx"
"RotateCwIcon","runtime","docs","apps/docs/src/pages/message-scroller/demos/context-demo.tsx"
"RotateCwIcon","runtime","docs","apps/docs/src/pages/message-scroller/demos/streaming-demo.tsx"
"Search","runtime","docs","apps/docs/src/pages/button-group/index.tsx"
"Search","runtime","docs","apps/docs/src/pages/input-group/index.tsx"
"Search","runtime","docs","apps/docs/src/pages/input/index.tsx"
"Search","runtime","docs","apps/docs/src/pages/marker/index.tsx"
"SearchIcon","runtime","components","packages/ui/src/components/command.tsx"
"SearchIcon","runtime","components","packages/ui/src/components/dropdown-menu.tsx"
"SearchIcon","runtime","components","packages/ui/src/components/search.tsx"
"SearchX","runtime","components","packages/ui/src/components/data-table/data-table.tsx"
"SendHorizontal","runtime","components","packages/ui/src/components/reply-box/reply-box-content.tsx"
"SendHorizontal","runtime","components","packages/ui/src/components/reply-box/reply-box-footer.tsx"
"Settings","runtime","docs","apps/docs/src/pages/button/index.tsx"
"Settings","runtime","docs","apps/docs/src/pages/command/index.tsx"
"Settings","runtime","docs","apps/docs/src/pages/sidebar/index.tsx"
"Settings","runtime","docs","apps/docs/src/pages/structure/app-sidebar/demo.tsx"
"SettingsIcon","runtime","docs","apps/docs/src/pages/dropdown-menu/index.tsx"
"Share","runtime","components","packages/ui/src/components/chat-bubble.tsx"
"Share","runtime","components","packages/ui/src/components/message.tsx"
"ShareIcon","runtime","docs","apps/docs/src/pages/context-menu/index.tsx"
"ShareIcon","runtime","docs","apps/docs/src/pages/dropdown-menu/index.tsx"
"Signature","runtime","components","packages/ui/src/components/reply-box/reply-box-actions.ts"
"Smartphone","runtime","components","packages/ui/src/components/activity-feed.tsx"
"Smile","runtime","docs","apps/docs/src/pages/command/index.tsx"
"Smile","runtime","docs","apps/docs/src/pages/emoji-picker/index.tsx"
"Smile","runtime","components","packages/ui/src/components/reply-box/reply-box-actions.ts"
"SmilePlus","runtime","docs","apps/docs/src/pages/emoji-picker/index.tsx"
"SmilePlus","runtime","docs","apps/docs/src/pages/message/index.tsx"
"SmilePlus","runtime","components","packages/ui/src/components/emoji-picker.tsx"
"SmilePlusIcon","runtime","docs","apps/docs/src/pages/bubble/index.tsx"
"Sparkles","runtime","docs","apps/docs/src/pages/alert/index.tsx"
"Square","runtime","components","packages/ui/src/components/reply-box/reply-box-content.tsx"
"Square","runtime","components","packages/ui/src/components/reply-box/reply-box-footer.tsx"
"SquareUser","runtime","components","packages/ui/src/components/reply-box/reply-box-actions.ts"
"Star","runtime","docs","apps/docs/src/pages/core/icons/index.tsx"
"Star","runtime","components","packages/ui/src/components/app-sidebar.tsx"
"Star","runtime","components","packages/ui/src/components/header.tsx"
"StickyNote","runtime","components","packages/ui/src/components/reply-box/reply-box-actions.ts"
"Sun","runtime","docs","apps/docs/src/components/layout/app-shell.tsx"
"ThumbsDown","runtime","components","packages/ui/src/components/chat-bubble.tsx"
"ThumbsDown","runtime","components","packages/ui/src/components/message.tsx"
"ThumbsUp","runtime","components","packages/ui/src/components/chat-bubble.tsx"
"ThumbsUp","runtime","components","packages/ui/src/components/message.tsx"
"Trash2","runtime","docs","apps/docs/src/pages/core/icons/index.tsx"
"Trash2","runtime","components","packages/ui/src/components/attachment.tsx"
"Trash2","runtime","components","packages/ui/src/components/chat-head.tsx"
"Trash2","runtime","components","packages/ui/src/components/drop-zone.tsx"
"TrashIcon","runtime","docs","apps/docs/src/pages/context-menu/index.tsx"
"TrashIcon","runtime","docs","apps/docs/src/pages/dropdown-menu/index.tsx"
"TrendingDown","runtime","components","packages/ui/src/components/metric-card.tsx"
"TrendingUp","runtime","components","packages/ui/src/components/metric-card.tsx"
"TriangleAlert","runtime","components","packages/ui/src/components/toast.tsx"
"Underline","runtime","docs","apps/docs/src/pages/toggle-group/index.tsx"
"User","runtime","docs","apps/docs/src/pages/command/index.tsx"
"UserIcon","runtime","docs","apps/docs/src/pages/context-menu/index.tsx"
"UserIcon","runtime","docs","apps/docs/src/pages/dropdown-menu/index.tsx"
"WandSparkles","runtime","components","packages/ui/src/components/reply-box/reply-box-actions.ts"
"Wrench","runtime","docs","apps/docs/src/pages/sidebar/index.tsx"
"X","runtime","docs","apps/docs/src/components/layout/docs-do-dont.tsx"
"X","runtime","components","packages/ui/src/components/alert.tsx"
"X","runtime","components","packages/ui/src/components/badge.tsx"
"X","runtime","components","packages/ui/src/components/filters.tsx"
"X","runtime","components","packages/ui/src/components/inline-edit.tsx"
"XCircle","runtime","components","packages/ui/src/components/alert.tsx"
"XIcon","runtime","components","packages/ui/src/components/combobox.tsx"
"XIcon","runtime","components","packages/ui/src/components/dialog.tsx"
"XIcon","runtime","components","packages/ui/src/components/dropdown-menu.tsx"
"XIcon","runtime","components","packages/ui/src/components/search.tsx"
"XIcon","runtime","components","packages/ui/src/components/sheet.tsx"
"XIcon","runtime","components","packages/ui/src/components/toast.tsx"
